timestamp,log_type,message,stacktrace
0,Warning,Unable to use UDP port 56574 for VS/Unity messaging. You should check if another process is already bound to this port or if your firewall settings are compatible.,UnityEngine.Debug:LogWarning (object).  Microsoft.Unity.VisualStudio.Editor.VisualStudioIntegration/<>c:<.cctor>b__6_0 () (at ./Library/PackageCache/com.unity.ide.visualstudio@a99d56dec63f/Editor/VisualStudioIntegration.cs:55).  Microsoft.Unity.VisualStudio.Editor.VisualStudioIntegration/<>c__DisplayClass7_0:<RunOnceOnUpdate>b__0 () (at ./Library/PackageCache/com.unity.ide.visualstudio@a99d56dec63f/Editor/VisualStudioIntegration.cs:71).  UnityEditor.EditorApplication:Internal_CallUpdateFunctions ().  
0.01999999,Log,[<b><color=#AD477C>UXF</color></b>] Beginning session.,UnityEngine.Debug:Log (object).  UXF.Utilities:UXFDebugLog (string) (at ./Packages/com.immersivecognition.uxf/Scripts/Etc/Utilities.cs:13).  UXF.Session:Begin (stringstringintSystem.Collections.Generic.Dictionary`2<string object>UXF.Settings) (at ./Packages/com.immersivecognition.uxf/Scripts/Session.cs:350).  UXF.UI.UIController/<AutoBeginSessionSequence>d__41:MoveNext () (at ./Packages/com.immersivecognition.uxf/Scripts/UI/UIController.cs:203).  UnityEngine.SetupCoroutine:InvokeMoveNext (System.Collections.IEnumeratorintptr).  
0.01999999,Warning,[<b><color=#AD477C>UXF</color></b>] An item in the Tracked Objects field of the UXF session if empty (null)!,UnityEngine.Debug:LogWarning (object).  UXF.Utilities:UXFDebugLogWarning (string) (at ./Packages/com.immersivecognition.uxf/Scripts/Etc/Utilities.cs:14).  UXF.Trial:Begin () (at ./Packages/com.immersivecognition.uxf/Scripts/Etc/Trial.cs:148).  UXF.Session:BeginNextTrial () (at ./Packages/com.immersivecognition.uxf/Scripts/Session.cs:431).  UnityEngine.Events.UnityEvent`1<UXF.Session>:Invoke (UXF.Session).  UXF.Session:Begin (stringstringintSystem.Collections.Generic.Dictionary`2<string object>UXF.Settings) (at ./Packages/com.immersivecognition.uxf/Scripts/Session.cs:353).  UXF.UI.UIController/<AutoBeginSessionSequence>d__41:MoveNext () (at ./Packages/com.immersivecognition.uxf/Scripts/UI/UIController.cs:203).  UnityEngine.SetupCoroutine:InvokeMoveNext (System.Collections.IEnumeratorintptr).  
1.868765,Log,Clicked cube number 0!,UnityEngine.Debug:LogFormat (stringobject[]).  UXFExamples.Example_CorsiCubeGroup:RegisterClick (int) (at Assets/Samples/UXF - Unity Experiment Framework/3.0.0/UXF Examples/4_CorsiBlock/Scripts/Example_CorsiCubeGroup.cs:90).  UXFExamples.Example_CorsiCube:OnMouseDown () (at Assets/Samples/UXF - Unity Experiment Framework/3.0.0/UXF Examples/4_CorsiBlock/Scripts/Example_CorsiCube.cs:48).  UnityEngine.SendMouseEvents:DoSendMouseEvents (int).  
2.248857,Log,Clicked cube number 1!,UnityEngine.Debug:LogFormat (stringobject[]).  UXFExamples.Example_CorsiCubeGroup:RegisterClick (int) (at Assets/Samples/UXF - Unity Experiment Framework/3.0.0/UXF Examples/4_CorsiBlock/Scripts/Example_CorsiCubeGroup.cs:90).  UXFExamples.Example_CorsiCube:OnMouseDown () (at Assets/Samples/UXF - Unity Experiment Framework/3.0.0/UXF Examples/4_CorsiBlock/Scripts/Example_CorsiCube.cs:48).  UnityEngine.SendMouseEvents:DoSendMouseEvents (int).  
3.006498,Warning,[<b><color=#AD477C>UXF</color></b>] An item in the Tracked Objects field of the UXF session is empty (null)!,UnityEngine.Debug:LogWarning (object).  UXF.Utilities:UXFDebugLogWarning (string) (at ./Packages/com.immersivecognition.uxf/Scripts/Etc/Utilities.cs:14).  UXF.Trial:SaveData () (at ./Packages/com.immersivecognition.uxf/Scripts/Etc/Trial.cs:319).  UXF.Trial:End () (at ./Packages/com.immersivecognition.uxf/Scripts/Etc/Trial.cs:171).  UXFExamples.Example_CorsiCubeGroup:Confirm () (at Assets/Samples/UXF - Unity Experiment Framework/3.0.0/UXF Examples/4_CorsiBlock/Scripts/Example_CorsiCubeGroup.cs:144).  UnityEngine.EventSystems.EventSystem:Update () (at ./Library/PackageCache/com.unity.ugui@f3ea87521141/Runtime/UGUI/EventSystem/EventSystem.cs:515).  
4.004269,Warning,[<b><color=#AD477C>UXF</color></b>] An item in the Tracked Objects field of the UXF session if empty (null)!,UnityEngine.Debug:LogWarning (object).  UXF.Utilities:UXFDebugLogWarning (string) (at ./Packages/com.immersivecognition.uxf/Scripts/Etc/Utilities.cs:14).  UXF.Trial:Begin () (at ./Packages/com.immersivecognition.uxf/Scripts/Etc/Trial.cs:148).  UXF.Session:BeginNextTrial () (at ./Packages/com.immersivecognition.uxf/Scripts/Session.cs:431).  UXF.Session:BeginNextTrialSafe () (at ./Packages/com.immersivecognition.uxf/Scripts/Session.cs:441).  
6.197314,Warning,[<b><color=#AD477C>UXF</color></b>] An item in the Tracked Objects field of the UXF session is empty (null)!,UnityEngine.Debug:LogWarning (object).  UXF.Utilities:UXFDebugLogWarning (string) (at ./Packages/com.immersivecognition.uxf/Scripts/Etc/Utilities.cs:14).  UXF.Trial:SaveData () (at ./Packages/com.immersivecognition.uxf/Scripts/Etc/Trial.cs:319).  UXF.Trial:End () (at ./Packages/com.immersivecognition.uxf/Scripts/Etc/Trial.cs:171).  UXF.Session:End () (at ./Packages/com.immersivecognition.uxf/Scripts/Session.cs:650).  UXF.Session:OnApplicationQuit () (at ./Packages/com.immersivecognition.uxf/Scripts/Session.cs:739).  
6.197314,Log,[<b><color=#AD477C>UXF</color></b>] Waiting for tasks to finish,UnityEngine.Debug:Log (object).  UXF.Utilities:UXFDebugLog (string) (at ./Packages/com.immersivecognition.uxf/Scripts/Etc/Utilities.cs:13).  UXF.Trial:WaitForTasks () (at ./Packages/com.immersivecognition.uxf/Scripts/Etc/Trial.cs:395).  UXF.Session:SaveResults () (at ./Packages/com.immersivecognition.uxf/Scripts/Session.cs:701).  UXF.Session:End () (at ./Packages/com.immersivecognition.uxf/Scripts/Session.cs:654).  UXF.Session:OnApplicationQuit () (at ./Packages/com.immersivecognition.uxf/Scripts/Session.cs:739).  
6.197314,Log,[<b><color=#AD477C>UXF</color></b>] Tasks finished,UnityEngine.Debug:Log (object).  UXF.Utilities:UXFDebugLog (string) (at ./Packages/com.immersivecognition.uxf/Scripts/Etc/Utilities.cs:13).  UXF.Trial:WaitForTasks () (at ./Packages/com.immersivecognition.uxf/Scripts/Etc/Trial.cs:405).  UXF.Session:SaveResults () (at ./Packages/com.immersivecognition.uxf/Scripts/Session.cs:701).  UXF.Session:End () (at ./Packages/com.immersivecognition.uxf/Scripts/Session.cs:654).  UXF.Session:OnApplicationQuit () (at ./Packages/com.immersivecognition.uxf/Scripts/Session.cs:739).  
